{"n_learn": 7330, "t_acc": [0.02592087312414734, 0.2946793997271487, 0.592087312414734, 0.747612551159618, 0.9399727148703957, 0.975443383356071, 0.9918144611186903, 1.0, 0.9986357435197817, 1.0], "t_cost": [4.468262691376413, 3.716547555292102, 2.8294054337918877, 2.3654706300758814, 1.5943184384099358, 1.160120564506605, 0.8399382574896948, 0.656177729481512, 0.5056134438145982, 0.42236983452649474], "v_acc": [0.06201550387596899, 0.17054263565891473, 0.5116279069767442, 0.6124031007751938, 0.7984496124031008, 0.9302325581395349, 0.9457364341085271, 0.937984496124031, 0.9534883720930233, 0.937984496124031], "v_cost": [4.48320110909868, 3.900234385094425, 3.033858242616962, 2.7862499956145292, 1.9858954143103342, 1.3300111552446656, 1.1018915476014364, 0.9265719216275906, 0.8103387885511857, 0.772987222815339]}